Generation,AvgFitness,BestFitness,BesteFitnessOverAll,BestHydroContacts,BestOverlaps,HydroContactsOverAll,OverlapsOverAll,MutationRate,AnzahlMutationen,Diversity,BestFolding
0,1.6731166828090256,5.0,5.0,5,0,86,56,"0,00",0,200,LFFRRLFRFLFFFFLRFFFRFLLFRRLLRLLRFFFFRRLLRRFFFFFFLFFLRLLRRFFFRFLF
1,1.6934061189692713,7.0,7.0,7,0,86,56,"0,03",320,200,LFFRRLFRFLFFFFLRFFFRFLLFRRLRRLLFFFFFRRLLRRFFFFFFLFFLRLLRRFFFRFLF
2,2.1103023593965062,7.0,7.0,7,0,86,56,"0,03",425,194,LFFRRLFRFLFFFFLRFFFRFLLFRRLRRLLFFFFFRRLLRRFFFFFFLFFLRLLRRFFFRFLF
3,2.63368188947548,9.0,9.0,9,0,87,56,"0,03",423,193,RRRFLLRLRRLLRFRLLFLRRLLFRRLFFRRFLLFFRRLLFRFRLLRRFRLLRLRFRRLFFLFL
4,3.2665997116059033,10.0,10.0,10,0,87,56,"0,03",432,197,RRRFRLRLRRLLRFFLLFFRFLLFRRLRRLLFFFFFRRLLFRFRFFFFLFFLRLLRRFFFRFLF
5,4.134994819048526,10.0,10.0,10,0,87,56,"0,03",441,193,RRRFRLRLRRLLRFFLLFFRFLLFRRLRRLLRFFFFRRLLFRFRFFFFLFFLRLLRRFFFRFRF
6,4.531687692842897,12.0,12.0,12,0,87,56,"0,03",441,195,FFFLRRFRFLFFFFLRFFFRFLLFRRLRRLLFFFFFRRLLFRFFFFFFLFFRRLLRRFFFRRLF
7,5.1363964986037365,12.0,12.0,12,0,87,56,"0,03",436,196,FFFLRRFRLLFFFFLRFFFRRLLFRRLRRLLFFFFFRRLLFRFFFFFFLFFRRLLRRFFFRRLF
8,5.652159773705827,13.0,13.0,13,0,87,56,"0,03",430,198,RRRFRLRLRRLLRRFLLFFRFLLFRRLRRLLRFFFFRRLLFRFFFFFFLFFRRLLRRFFFRRLR
9,5.938060611644978,13.0,13.0,13,0,87,56,"0,03",435,194,RRRFRLRLRRLLRRFLLFFRFLLFRRLRRLLRFFFFRRLLFRFFFFFFLFFRRLLRRFFFRRLR
10,6.765852626132037,13.0,13.0,13,0,87,56,"0,03",433,196,LRRFRFRLRRLLRRFLLFFRFLLFRRLRRLLRFFFFRRLLFFFFFFFRLFFLRLLRRFFFRRLR
11,6.797927153402154,14.0,14.0,14,0,87,56,"0,03",444,195,LRRFRFRLRRLLRRFLFFFRFLLFRRLRRLLRFFFFRRLLFFFFRFFRLFFLRLLRRFFFRRFR
12,6.3865367389962975,14.0,14.0,14,0,87,56,"0,03",441,198,LRRFRFRLRRLLRRFLFFFRFLLFRRLRRLLRFFFFRRLLFFFFRFFRLFFLRLLRRFFFRRFR
13,6.870643186523624,15.0,15.0,15,0,87,56,"0,03",441,198,FFFLRRFRFFFFFFLRFRFRFLLFRRLRRLLFFLFFRRLLFRFFFFFFFFFRRLLRRFFFRRFR
14,7.152926805371273,15.0,15.0,15,0,87,56,"0,03",415,195,FFFLRRFRFFFFFFLRFRFRFLLFRRLRRLLFFLFFRRLLFRFFFFFFFFFRRLLRRFFFRRFR
15,7.53403746253746,16.0,16.0,16,0,87,56,"0,03",435,194,RRRFRLLFRRFLRRFLLFFRFLLFRRLRRLLRFFFFFRLLFRFFLFFFLFFRRLLRRFFFLLFF
16,7.118414260812288,16.0,16.0,16,0,87,56,"0,03",435,194,RRRFRLLFRRFLRRFLLFFRFLLFRRLRRLLRFFFFFRLLFRFFLFFFLFFRRLLRRFFFLLFF
17,7.463342920237654,16.0,16.0,16,0,87,56,"0,03",435,199,FFFLRRFRFFFFRFLRFFFRFLLFRRLRRLLFFLFFRRLLFRFFFRFFFFFRRLLRRFFFRRFR
18,7.518637471047,18.0,18.0,18,0,87,56,"0,03",433,197,RRRFRLLFRRFLRRFLLFFRFLLFRRLRRLLRLFFFFRLLRRFFLFFFLLFRRLLRRFRFLLFF
19,7.663703958214985,19.0,19.0,19,0,87,56,"0,03",435,198,RRRFRLLFRRFLRRFLLFFRFLLFRRLRRLLRRFFFFRLLRRFFLFFFLLFRRLLRRFRFLLFF
20,8.187623857623855,19.0,19.0,19,0,87,56,"0,03",435,193,RRRFRLLFRRFLRRFLLFFRFLLFRRLRRLLRRFFLFRLLRRFFFFFFLLFRRLLRRFRFLLFF
21,8.556219159925043,20.0,20.0,20,0,87,56,"0,03",438,200,RRRFRFLFRRFLRRFLLFFRFLLFRRLRRLLRRFFLFRLLRRFFFFFFLLFFRLLRRFRFLLFF
22,8.581944328332487,20.0,20.0,20,0,87,56,"0,03",430,194,RRRFRFLFRRFLRRFLLFFRFLLFRRLRRLLRRFFLFRLLRRFFFFFFLLFFRLLRRFRFLLFF
23,7.843831393741243,20.0,20.0,20,0,87,56,"0,03",432,198,RRRFRFLFRRFLRRFLLFFRFLLFRRLRRLLRRFLLFRLLFRFFFFFFLLFFRLLRRFRFLLFR
24,8.06816079433552,20.0,20.0,20,0,87,56,"0,03",430,198,RRRFRFLFRRFLRRFLLFFRFLLFRRLRRLLRRFFLFRLLFRFFFFFFLLFFRLLRRFRFLLFR
25,8.515181776271266,20.0,20.0,20,0,87,56,"0,03",438,199,RRRFRFLFRRFLRRFLLFFRFLLFRRLRRLLRRFLFFRLLRRFFLFFFLFFRRLLRRFRFLLFF
26,8.17742067758329,20.0,20.0,20,0,88,56,"0,03",441,194,LRRFRLLFRRFLRRFLLFFRFLLFRRLRRLLRRFFLFRLLFRFFFFFFLLFFRLLRRFRFLLFR
27,9.005173846986347,22.0,22.0,22,0,88,56,"0,03",439,193,RRRFRFLFRRFLRRFLLFFRFLLFRRLRRLLRRFFFFRLLRRFFLFFFLFFRRLLRRFRFLLFF
28,8.071227999611898,22.0,22.0,22,0,88,56,"0,03",430,196,RRRFRFLFRRFLRRFLLFFRFLLFRRLRRLLRRFFFFRLLRRFFLFFFLFFRRLLRRFRFLLFF
29,7.872139642800439,22.0,22.0,22,0,88,56,"0,03",442,196,RRRFRLLFRRFLRRFLLFFRFLLFRRLRRLFRRLFLRRLLRLFFFFFLLFFRRLLRRFRFLLFF
30,8.143293696641525,20.0,22.0,20,0,88,56,"0,03",441,197,LRRFRFLFRRFLRRFLLFFRFLLFRRLRRLLRRFLFFFLLRRFFRFFFLFFRRLLRRFRFLLFL
31,7.929026348847457,20.0,22.0,20,0,88,56,"0,03",447,198,RRRFRFLFRRFLRRFLLFFRFLLFRRLRRLLRRFFFFRLLRRFFLFRFLFFRRLLRLRRFLLFF
32,7.961885309135311,21.0,22.0,21,0,88,56,"0,03",438,197,RRRFRFLFRRFLRRFLLFFFFLLFRRLRRLLRRFFFFRLFRRFFLFFFLFFRRLLRRFRFLLFR
33,7.848376219755478,21.0,22.0,21,0,88,56,"0,03",442,198,RRRFRFLFRRFLRRFLLFFFFLLFRRLRRLLRRFFFFRLFRRFFLFFFLFFRRLLRRFRFLLFR
34,8.524257168841837,21.0,22.0,21,0,88,56,"0,03",432,198,RRRFRLLFRRFLLFRLLFFRFLLFRRLRRLLRRFFFLRLLRRFFLFFFLFFRRLLRRFRFLLFF
35,8.78286820562478,21.0,22.0,21,0,88,56,"0,03",439,199,RRRFRLLFRRFLLFRLLFFRFLLFRRLRRLLRRFFFLRLLRRFRLFRFLFFRRLLRRFRFLLFF
36,8.373732390607104,22.0,22.0,22,0,88,56,"0,03",441,200,RRRFRFLFRRFLRRFLLFFRFFLFRRLRRLLRRFLFRRLLFFFFFFFFLFFRRLLRRFRFLLFF
37,8.023708237983781,24.0,24.0,24,0,88,56,"0,03",435,199,RRRFRFLFRRFLRRFLLFFRFFLFRRLRRLLRRFLFRRLLFFRFFFFFLFFRRLLRRFRFLLFF
38,7.749426555723969,22.0,24.0,22,0,88,56,"0,04",455,199,LRRFRFLFRRFLRRFLLFFRFFLFRRLRRLLRRFLFRRLLFFRFFFFFLFFLRLLRRFRFLLFF
39,8.488564974447637,24.0,24.0,24,0,88,56,"0,03",425,194,LRRFRFLFRRFLRRFLLFFRFFLFRRLRRLLRRFLFRRLLFFRFFFFFLFFRRLLRRFRFLLFF
40,8.757913500033554,24.0,24.0,24,0,88,56,"0,03",447,192,LRRFRFLFRRFLRRFLLFFRFFLFRRLRRLLRRFLFRRLLFFRFFFFFLFFRRLLRRFRFLLFF
41,8.587672681347719,24.0,24.0,24,0,88,56,"0,03",445,194,LRRFRFLFRRFLRRFLLFFRFFLFRRLRRLLRRFLFRRLLFFRFFFFFLFFRRLLRRFRFLLFF
42,9.011056044853838,24.0,24.0,24,0,88,56,"0,03",428,193,LRRFRFLFRRFLRRFLLFFRFFLFRRLRRLLRRFLFRRLLFFRFFFFFLFFRRLLRRFRFLLFF
43,9.093475815925414,22.0,24.0,22,0,88,56,"0,04",458,198,LRRFRFLFRRFLRRFLLFFRFFLFRRLRRLLRRFLFRRLLFFRLFFFFLFFRRLLRRFRFLLFF
44,8.187865249526437,22.0,24.0,22,0,88,56,"0,03",445,198,LRRFRFLFRRFLRRFLLFFRFFLFRRLRRLLRRFLFRRLLFFRLFFFFLFFRRLLRRFRFLLFL
45,8.058585240265742,22.0,24.0,22,0,88,56,"0,04",463,190,LRRFRFLFRRFLRRFLLFFRFFLFRRLRRLLRRFLFRRLLFFRLFFFFLFFRRLLRRFRFLLFL
46,8.185040310204943,24.0,24.0,24,0,88,56,"0,04",453,192,LRRFRFLFRRFLRRFLLFFRFFLFRRLRRLLRRFLFRRLLFFRFFFFFLFFRRLLRRFRFLLFL
47,8.502408730974906,24.0,24.0,24,0,88,56,"0,04",458,198,LRRFRFLFRRFLRRFLLFFRFFLFRRLRRLLRRFLFRRLLFFRFFFFFLFFRRLLRRFRFLLFL
48,8.573358139409612,22.0,24.0,22,0,88,56,"0,04",452,197,LRRFRFLFRRFLRRFLLFFRFFLFRRLRRLLRRFLFRRLLFFRLFFFFLFFRRLLRRFRFLLFL
49,8.327497031739327,24.0,24.0,24,0,88,56,"0,04",453,199,LRRFRFLFRRFLRRFLLFFRFFLFRRLRRLLRRFLFRRLLFFRFFFFFLFFRRLLRRFRFLLFL
50,8.815942310992504,22.0,24.0,22,0,88,56,"0,03",433,199,LRRFRFLFRRFLRRFLLFFRFFLFRRLRRLLRRFLFRRLLFFRLFFFFFFFRRLLRRFRFLLFL
51,8.447122213518085,24.0,24.0,24,0,88,56,"0,03",444,197,LRRFRFLFRRFLRRFLLFFRFFLFRRLRRLLRRFLFRRLLFFRFFFLFLFFRRLLRRFRFLLFL
52,7.779067173431142,24.0,24.0,24,0,88,56,"0,03",438,193,LRRFRFLFRRFLRRFLLFFRFFLFRRLRRLLRRFLFRRLLFFRFFFLFLFFRRLLRRFRFLLFL
53,7.6322968142968115,24.0,24.0,24,0,88,56,"0,04",452,197,LRRFRFLFRRFLRRFLLFFRFFLFRRLRRLLRRFLFRRLLFFRFFFLFLFFRRLLRRFRFLLFL
54,8.24808905478841,21.0,24.0,21,0,88,56,"0,03",441,196,LRRFRFRFFRFLRRFLLFFRFFLFRRLRRLLRRFLFRRLLFFRFFFLFLFLRRLLRRFRFLLFL
55,8.053919337576021,21.0,24.0,21,0,88,56,"0,03",438,195,LRRFRFLFRRFLRRFLLFFRFFLFRRLRRLLRRFLFFFLLFFRFFFFLLFFRRLLRRFRFLLFF
56,7.837878745353088,23.0,24.0,23,0,88,56,"0,04",458,198,LRRFRFLFRRFLRRFLLFFRFFLFRRLRRLLRRFLFRRLLFFRLFRRFLLFRRLLRRFRFLLFL
57,8.063483522690758,24.0,24.0,24,0,88,56,"0,03",428,197,LRRFRFRFFRFLRRFLLFFRFFLFRRLRRLLRRFLFRRLLFFRFFFFFRFLRRLLRRLRRLLFL
58,7.067640132349369,21.0,24.0,21,0,88,56,"0,03",447,197,LRRFRFRFFRFLFRFLLFFRFFLFRRLRRLLFRLLFRRLLFFRRFFFFLFFRRLLRRFRFLLFL
59,7.593274099053831,22.0,24.0,22,0,88,56,"0,03",445,195,LRRFRFLFRRFLRRFLLFFRFFLFRRLRRLLRRFLFRRLLFFRLFFFFLFFRRLLRRFRFLLFF
60,7.9439674257700945,20.0,24.0,20,0,88,56,"0,03",433,191,LRRFRFRFFRFLRRFLLFFRLFFFRRLRRLLRRLLFRFLFFFRLFFFFLFFRRLLRRFRFLLFL
61,7.757551323676327,21.0,24.0,21,0,88,56,"0,04",457,195,LRRFRFLFRRFLRRFLLFFLFFFFRRLRRLLRRLLFRFLLFFRLFFFFLFFRRLLRRFRFLLFL
62,8.062743390968935,21.0,24.0,21,0,88,56,"0,04",449,196,LRRFRFLFRRFLRRFLLFFLFFFFRRLRRLLRRLLFRFLLFFRLFFFFLFFRRLLRRFRFLLFF
63,8.657000551380985,21.0,24.0,21,0,88,56,"0,03",447,192,LRRFRFLFRRFLRRFLLFFLFFFFRRLRRLLRRLLFRFLLRFRLFFFFLFFRRLLRRFRFLLFF
64,8.23040021999074,21.0,24.0,21,0,88,56,"0,03",436,194,LRRFRFRFFRFLRRFLLFFRRLLFRRLRRLLRRLLFRRLLFFRFFFRRLFLRRLLRRFRFLLFL
65,9.17727915956592,21.0,24.0,21,0,88,56,"0,03",438,195,RRRFRFRFFRFLFFFLLFFRRFFFRFLRRLLRLFRFRRLLFFRLFFFRFFFRRLLRRFRFLLFL
66,9.413496216217037,22.0,24.0,22,0,88,56,"0,04",453,192,RRRFRFRFFRFLRRFLLFFRRLLFRRLRRLLRFFRFRFLLFFRLFFFRFFFRRLLRRFRFLLFL
67,8.832819356984603,21.0,24.0,21,0,88,56,"0,04",460,193,LRRFRFRFFRFLRRFLLFFRRLLFRRLRRLLRRLLFFRLLFFRFFFFFLFFRRLLRRFRFLLFL
68,8.818280150813242,21.0,24.0,21,0,88,56,"0,03",447,196,LRRFRFRFFRFLRRFLLFFRFFLFRRLRRLLRRFLFRFLLRFRLFFFFLFFRRLLRRFRFLLFL
69,8.576995248903145,21.0,24.0,21,0,88,56,"0,04",452,195,LRRFRFRFFRFLRRFLLFFRFFLFRRLRRLLRRFLFRFLLRFRLFFRFLFFRRLLRRFRFLLFL
70,8.571424883799981,22.0,24.0,22,0,88,56,"0,03",436,197,LRRFRFRFFRFLRRFLLFFRRLLFRRLRRLLRRLFRFRLLFFRRLFFFLFFRRLLRRFRFLLRR
71,7.9680338769417745,22.0,24.0,22,0,88,56,"0,03",433,198,RRRFRFRFFRFLRRFLLFFRRLLFRRLRRLLRLFRFRRLLFFFLFFFRFFFRRLLRRFRFLLFL
72,8.038740638575389,23.0,24.0,23,0,88,56,"0,03",439,196,RRRFRFRFFRFLFRFLLFFRRFFFRFLRRLLRLFRFRRLLRFFLFFFRFFFRRLLRRFRFLLFL
73,8.233355158730157,22.0,24.0,22,0,88,56,"0,04",458,195,RRRFRFRFFRFLRRFLLFFRRLLFRRLRRLLRLFRFRRLLFFFLFFFRFFFRRLLRRFRFLLFL
74,8.05370203337852,22.0,24.0,22,0,88,56,"0,03",444,197,LRRFRFRFFRFLRRFLLFFRFLLFRRLRRLLRLFRFRFLLFFFLFFFRFFFRRLLRRFRFLLFL
75,8.20335718961551,22.0,24.0,22,0,88,56,"0,03",436,198,LRRFRFRFFRFLRRFFLLFRFLLFRRLRRLFRLFRFRFLLFFFLFFFRFFFRRLLRRFRFLLFL
76,8.352780659699771,24.0,24.0,24,0,88,56,"0,03",428,198,LRRFRFRFFRFLRRFFLLFRFLLFRRLRRLFRLFRFRFLLFFFRFFFRFFFRRLLRRFRFLLFL
77,8.462888745606817,24.0,24.0,24,0,88,56,"0,03",435,199,LRRFRFRFFRFLRRFFLLFRFLLFRRLRRLFRLFRFRFLLFFFRFFFRFFFRRLLRRFRFLLFL
78,8.402488579329276,24.0,24.0,24,0,88,56,"0,03",441,193,LRRFRFRFFRFLRRFFLLFRFLLFRRLRRLFRLFRFRFLLFFFRFFFRFFFRRLLRRFRFLLFL
79,8.865661457415136,24.0,24.0,24,0,88,56,"0,03",444,197,LRRFRFRFFRFLRRFFLLFRFLLFRRLRRLFRLFRFRFLLFFFRFFFRFFFRRLLRRFRFLLFL
80,8.635702397969773,24.0,24.0,24,0,88,56,"0,03",444,195,LRRFRFRFFRFLRRFFLLFRFLLFRRLRRLFRLFRFRFLLFFFRFFFRFFFRRLLRRFRFLLFL
81,8.119137011681127,24.0,24.0,24,0,88,56,"0,04",458,193,LRRFRFRFFRFLRRFFLLFRFLLFRRLRRLFRLFFFRFLLFFFRFFFRFFFRRLLRRFRFLLFL
82,8.209994616362973,21.0,24.0,21,0,88,56,"0,04",453,194,LRRFRFRFFRFLRFFFLLFRFLLFRRLRRLFRLLRFRRLLFFFLFFFRFFFRRLLRRFRFLLFR
83,9.479707376711017,23.0,24.0,23,0,88,56,"0,04",453,195,RRRFRFRFFRFLLFFLFFFRFFLLRRLRRLLRRLLFFFLLRFRLFFFRFFFRRLLRRFRFLLFR
84,8.885829010483267,21.0,24.0,21,0,88,56,"0,03",444,196,LRRFRFRFFRFLLRFLFFFRFFLLRRLRRLLRRLLFFFLLRFRLFFFRFFFRRLLRRFRFLLFR
85,8.514384048517272,22.0,24.0,22,0,88,56,"0,04",453,194,RRRFRFRFFRFLRRFFLLFRFLLFRRLRRLFRFLRLRFLLFFRLFFFRFFFRRLLRRFRFLLFR
86,8.475483876775673,22.0,24.0,22,0,88,56,"0,04",455,194,RRRFRFRFFRFLRRFFLLFRFLLFRRLRRLFRFLRLRFLLFFRLFFFRFFFRRLLRRFRFLLFR
87,8.046285696346622,23.0,24.0,23,0,112,56,"0,04",455,198,LRRFRFRFFRFLLRFLFFFFFRLLRRLRRFLRRLLFFRLLRFRLFFFRFFFRRLLRRFRFLLFR
88,8.983622118219946,27.0,27.0,27,0,112,56,"0,03",441,197,LRRFRFRFFRFLLFFLFFFFFRLLRRLRRFLRRLLFFRLLRFLLFFFRFFFRRLLRRFRFLLFR
89,8.301220166709793,23.0,27.0,23,0,112,56,"0,03",428,198,LRRFRFRFFRFLLRFLFFFFFRLLRRLRRFLRRLLFFRLLRFRLFFFRFFFRRLLRRFRFLLFR
90,9.193157434078822,23.0,27.0,23,0,112,56,"0,03",445,197,LRRFRFRFFRFLLRFLFFFFFRLLRRLRRFLRRLLFFRLLRFRLFFFRFFFRRLLRRFRFLLFR
91,9.070104866532152,23.0,27.0,23,0,112,56,"0,04",450,196,FRRFRFRFFRFLRFFFLLFRFRLLRRLRFLLRRLLFFRRLRFRLFFFRFFFRRLLRRFRFLLFF
92,8.246342677235345,23.0,27.0,23,0,112,56,"0,04",460,195,LRRFRFRFFRFLLFFLFFFFFRLLRRLRFLLRRLLFFFLLRFRLFFFRFFFRRLLRRFRFLLFR
93,8.759735635043493,23.0,27.0,23,0,112,56,"0,03",445,196,LRRFRFRFFRFLLFFFLLRRFRLLRRLRFLLRRLRFFRLLRFRLLFFRFFFRRLLRRFRFLLFR
94,8.383517683404486,23.0,27.0,23,0,112,56,"0,03",432,198,LRRFRFRFFRFLLFFLFFFFFRLLRRLRFLLRRLLFFFLLRFRLFFFRFFFRRLLRRFRFLLFR
95,8.05633446790138,23.0,27.0,23,0,112,56,"0,04",458,197,LRRFRFRFFRFLLFFLFFFFFRLLRRLRRLLRRLLRFFLLRFRLFFFRFFFRRLLRRFRFLLFL
96,8.596821881377993,23.0,27.0,23,0,112,56,"0,04",463,198,LRRFRFRFFRFLLFFLFFFFFRLLRRLRRLLRRLLRFFLLRFRLFFFRFFFRRLLRRFRFLLFL
97,8.693727594687733,24.0,27.0,24,0,112,56,"0,03",436,195,LRRFRFRFFRFLLFFLFFFFFRLLRRLRRLLRRLLRFFFLRFLLFFFRFFFRRLLRRFRFLLFL
98,8.877051266234906,24.0,27.0,24,0,112,56,"0,04",452,193,LRRFRFRFFRFLLFFLFFFFFRLLRRLRRLLRRLLRFFFLRFLLFFFRFFFRRLLRRFRFLLFL
99,9.186923650180232,24.0,27.0,24,0,112,56,"0,03",425,195,RRRFRFRFFRFLLFFLFFFFFRLFRRLRRLLRRLLRFFLLRFRLFFFRFFFRRLLRRFRFLLFL
100,8.196650743455894,24.0,27.0,24,0,112,56,"0,04",453,197,RRRFRFRFFRFLLFFLFFFFFRLFRRLRRLLRRLLRFFLLRFRLFFFRFFFRRLLRRFRFLLFL
101,8.519709037186011,24.0,27.0,24,0,112,56,"0,03",444,199,RRRFRFRFFRFLLFFLFFFFFFLFRRLRRLLRRLLRFFLLRFRLFFFRFFFRRLLRRFRFLLFL
102,9.169830647630997,25.0,27.0,25,0,112,56,"0,03",436,193,RRRFRFRFFRFLLFFLFFFFFFLFRRLRRLLRRLLRRFLLRFRLFFFRFFFRRLLRRFRFLLFL
103,9.95005317106547,25.0,27.0,25,0,112,56,"0,04",463,194,RRRFRFRFFRFLLFFLFFFFFFLFRRLRRLLRRLLRRFLLRFRLFFFRFFFRRLLRRFRFLLFL
104,9.41554225717093,26.0,27.0,26,0,112,56,"0,03",447,197,LRRFRFRFFRFLLFFLFFFFRRFLRLFRRLLRRLRLRFRLFFRLFFFRFFFRRLLRRFRFLLFL
105,10.192375811615282,26.0,27.0,26,0,112,56,"0,03",432,195,LRRFRFRFFRFLLFFLFFFFRRFLRLFRRLLRRLRLRFRLFFRLFFFRFFFRRLLRRFRFLLFL
106,9.440307064008788,26.0,27.0,26,0,112,56,"0,04",455,194,LRRFRFRFFRFLLFFLFFFFRRFLRLFRRLLRRLRLRFRLFFRLFFFRFFFRRLLRRFRFLLFL
107,9.137608608389375,26.0,27.0,26,0,112,56,"0,04",457,197,LRRFRFRFFRFLLFFLFFFFRRFLRLFRRLLRRLRLRFRLFFRLFFFRFFFRRLLRRFRFLLFL
108,9.21464400958519,26.0,27.0,26,0,112,56,"0,03",436,193,RRRFRFRFFRFLLFFLFFFFRRFLRLFRRLLRRLRLRFRLFFRLFFFRFFFRRLLRRFRFLLFL
109,9.481647352253995,26.0,27.0,26,0,112,56,"0,03",447,199,RRRFRFRFFRFLLFFLFFFFRRFLRLFRRLLRRLRLRFRLFFRLFFFRFFFRRLLRRFRFLLFL
110,9.069841769338968,26.0,27.0,26,0,112,56,"0,03",438,199,RRRFRFRFFRFLLFFLFFFFRRFLRLFRRLLRRLRLRFRLFFRLFFFRFFFRRLLRRFRFLLFL
111,8.567449006875481,26.0,27.0,26,0,112,56,"0,03",439,198,RRRFRFRFFRFLLFFLFFFFRRFLRLFRRLLRRLRLRFRLFFRLFFFRFFFRRLLRRFRFLLFL
112,8.955714407221606,23.0,27.0,23,0,112,56,"0,03",447,200,LRRFRFRFFRFLLFFLFFFFFRLLFFLRRLFRRLLRLRFLRFLLFFFRFFFRRLLRRFRFLLFL
113,9.524007744725536,23.0,27.0,23,0,112,56,"0,04",458,198,LRRFRFRFFRFLLFFLFFFFFRLRFFLRRLFRRLLRLRFLRFLLFFFRFFFRRLLRRFRFLLFL
114,8.493954867726073,23.0,27.0,23,0,112,56,"0,03",432,198,LRRFRFRFFRFLLFFLFFFFFRLLFFLRRLFRRLLRLRFLRFLLFFFRFFFRRLLRRFRFLLFL
115,9.113555034512274,24.0,27.0,24,0,112,56,"0,03",439,197,RRRFRFRFFRFLLFFLFFFFFRLLFFLRRLLRRLLRFRLLRFLLFFFRFFFRRLLRRFRFLLFL
116,8.80338803160204,23.0,27.0,23,0,112,56,"0,03",445,198,RRRFRFRFFRFLLFFLFFFFFRLLFFLRRLLRRLLRFRFLRFLLFFFRFFFRRLLRRFRFLLFF
117,9.567132589632587,25.0,27.0,25,0,112,56,"0,03",438,198,RRRFRFRFFRFLLFFLFFFFRRFLRLLRRLFRRFLRFFLLRFFLFFFRFFFRRLLRRFRFLLFL
118,9.605218078769349,25.0,27.0,25,0,112,56,"0,03",435,195,RRRFRFRFFRFLLFFLFFFFRRFLFLLRRLFRRFLRFFLLRFFLFFFRFFFRRLLRRFRFLLFL
119,9.60394439447901,24.0,27.0,24,0,112,56,"0,04",449,198,RRRFRFRFFRFLLFFLFFFFLFFFFRLRRLLRRLLRLFLLRFRLFFFRFFFRRLLRRFRFLLFL
120,9.698664848941343,24.0,27.0,24,0,112,56,"0,03",433,197,RRRFRFRFFRFLLFFLFFFFLFFFFRLRRLLRRLLRLFLLRFRLFFFRFFFRRLLRRFRFLLFL
121,9.928360907610905,24.0,27.0,24,0,112,56,"0,03",442,195,RRRFRFRFFRFLLFFLFFFFLFFFFRLRRLLRRLLRLRLLRFRLLFFRFFFRRLLRRFRFLLFR
122,9.501441920419737,24.0,27.0,24,0,112,56,"0,03",441,195,RRRFRFRFFRFLLFFLFFFFLFFFFRLRRLLRRLLRLFLLRFRLFFFRFFFRRLLRRFRFLLFL
123,9.502958451270953,25.0,27.0,25,0,112,56,"0,04",450,192,RRRFRFRFFRFLLFFLFFFFLFFFFRFRRLLRRLLRLRLFRFRLLFFRFFFRRLLRRFRFLLFR
124,8.866792608672165,24.0,27.0,24,0,112,56,"0,04",458,199,RRRFRFRFFRFLLFFLFFFFLFFFFRLRRLLRRLLRLFLLRFRLFFFRFFFRRLLRRFRFLLFL
125,8.836187975831354,24.0,27.0,24,0,112,56,"0,04",449,199,RRRFRFRFFRFLLFFLFFFFLFFFFRLRRLRRFLFLFFRLLRLFFFFRFFFRRLLRRFRFLLFL
126,8.12385074818661,24.0,27.0,24,0,112,56,"0,03",445,199,RRRFRFRFFRFLLFFLFFFFLFFFFRLRRLRRFLFLFFRLLRLFFFFRFFFRRLLRRFRFLLFL
127,8.568976736835289,24.0,27.0,24,0,112,56,"0,03",433,197,LRRFRFRFFRFLLFFLFFFFRRLLRRLRRLLRRLFLFFRLLRRFFFFRFFFRRLLRRFRFLLFL
128,9.11079440902235,25.0,27.0,25,0,112,56,"0,03",439,197,LRRFRFRFFRFLLFFLFFFFRRFLRLRRFLLRRFLRLFLLRFRLFFFRFFFRRLLRRFRFLLFL
129,8.364734058556909,25.0,27.0,25,0,112,56,"0,04",458,197,LRRFRFRFFRFLLFFLFFFFRRFLRLRRFLLRRFLRLFLLRFRLFFFRFFFRRLLRRFRFLLFL
130,8.847173218286418,23.0,27.0,23,0,112,56,"0,03",445,197,FRRFRFRFFRFLLFFLFFFFLFRFFRLRRLLRRLFLFLRLLRRFFFFRFFFRRLLRRFRFLLFR
131,8.729697373876553,23.0,27.0,23,0,112,56,"0,03",444,195,FRRFRFRFFRFLLFFLFFFFLFRFFRLRRLLRRLFFFFRLLRRFFFFRFFFRRLLRRFRFLLFR
132,9.267054026520434,23.0,27.0,23,0,112,56,"0,03",435,191,FRRFRFRFFRFLLFFLFFFFLFRFFRLRRLLRRLFFFFRLLRRFFFFRFFFRRLLRRFRFLLFR
133,9.27865641223241,23.0,27.0,23,0,112,56,"0,04",458,196,FRRFRFRFFRFLLFFLFFFFLFRFFRLRRLLRRLFFFFRLLRRFFFFRFFFRRLLRRFRFLLFR
134,8.916013118675268,23.0,27.0,23,0,112,56,"0,04",462,198,RRRFRFRFFRFLLFFLFFFFLFRFFRLRRLLRRLFLFLRLLRRFFFFRFFFRRLLRRFRFLLFR
135,8.913234176642073,23.0,27.0,23,0,112,56,"0,03",439,198,FRRFRFRFFRFLLFFLFFFFRRLLRRLRRLLRRFLRLFRLRFFLLFFRFFFRRLLRRFRFLLFR
136,9.101701554717682,24.0,27.0,24,0,112,56,"0,03",430,196,FRRFRFRFFRFLLFFLFFFFLFFFLRLRRLLRRLFFFFRLLRRFFFFRFFFRRLLRRFRFLLFR
137,9.17243394636409,26.0,27.0,26,0,112,56,"0,04",455,195,LRRFRFRFFRFLLFFLFFFFLFRFFFLRRLLRRLFRFFRLLRRFFFFRFFFRRLLRRFRFLLFR
138,9.299426302477462,26.0,27.0,26,0,112,56,"0,04",450,196,RRRFRFRFFRFLLFFLFFFFLFRFFFLRRLLRRLFRFFRLLRRFFFFRFFFRRLLRRFRFLLFR
139,8.73748169566296,23.0,27.0,23,0,112,56,"0,04",450,198,LRRFRFRFFRFLLFFLFFFFRRLFRLLRRLFRRLFFFFRLLRRFFFFRFFFRRLLRRFRFLLFR
140,7.867414372664373,23.0,27.0,23,0,112,56,"0,04",455,197,RRRFRFRFFRFLLFFLFFFFLFFFFFLFRLLRRLLRLFRLLRRFFFFRFFFRRLLRRFRFLLFF
141,8.41707899255887,26.0,27.0,26,0,112,56,"0,04",462,200,FRRFRFRFFRFLLFFLFFFFLFFFFRLRRLLRRFLRFLRFFFFRFFFRFFFRRLLRRFRFLLFR
142,9.192687240176404,24.0,27.0,24,0,112,56,"0,03",436,196,RRRFRFRFFRFLLFFLFFFFLFFFFFLFRLLRRLRRLFRLLRRFFFFRFFFRRLLRRFRFLLFF
143,9.261975885225887,23.0,27.0,23,0,112,56,"0,03",444,198,FRRFRFRFFRFLLFFLFFFFRRLFRLLRRLFRRLFFFFRLLRRFFFFRFFFRRLLRRFRFLLFR
144,9.408298997970556,23.0,27.0,23,0,112,56,"0,03",442,197,FRRFRFRFFRFLLFFLFFFFRRLLRLLRRLLRRLFFFFRLLRRFFFFRFFFRRLLRRFRFLLFF
145,9.806912753586284,23.0,27.0,23,0,112,56,"0,04",457,198,FRRFRFRFFRFLLFFLFFFFRRLLRLLRRLLRRFFFFFRLLRRFFFFRFFFRRLLRRFRFLLFF
146,9.320243087104819,23.0,27.0,23,0,112,56,"0,04",457,198,LRRFRFRFFRFLLFFLFFFFRRLFRLLRRLFRRLFFLFRLLRRFFFFRFFFRRLLRRFRFLLFR
147,9.866021614994908,23.0,27.0,23,0,112,56,"0,03",444,196,RRRFRFRFFRFLLFFLFFFFRRLFFLLRRLFRRLFFFFRLLRRFFFFRFFFRRLLRRFRFLLFR
148,9.276716286164817,24.0,27.0,24,0,112,56,"0,04",455,192,FRRFRFRFFRFLLFFLFFFFLFRFLFLRRLFRRFLRLFLFRFFLFFFLLFFRRLLRRFRFLLFR
149,8.530364203995326,23.0,27.0,23,0,112,56,"0,03",445,195,RRRFRFRFFRFLLFFLFFFFRRLFRLLRRLFRRLFFFFRLLRRFFFFRFFFRRLLRRFRFLLFR
150,9.327341409248644,23.0,27.0,23,0,112,56,"0,04",450,195,FRRFRFRFFRFLLFFLFFFFRRLLRLLRRLLRRLFFFFRLLRRFFFFRFFFRRLLRRFRFLLFF
151,9.417768231768227,23.0,27.0,23,0,112,56,"0,04",467,194,FRRFRFRFFRFLLFFLFFFFRRLLRLFRRLLRRLFFFFRLLRRFFFFRFFFRRLLRRFRFLLFF
152,9.5082633963259,23.0,27.0,23,0,112,56,"0,03",447,197,FRRFRFRFFRFLLFFLFFFFRRLLRLLRRLLRRLFFFFRLLRRFFFFRFFFRRLLRRFRFLLFR
153,9.576322244684281,27.0,27.0,27,0,112,56,"0,04",449,199,FRRFRFRFFRFLLFFLFFFFRRLFRLLRRLFRRLFFLFRRLRRLFFFRFFFRRLLRRFRFLLFF
154,9.046507573717133,27.0,27.0,27,0,112,56,"0,04",452,198,FRRFRFRFFRFLLFFLFFFFRRLFRLLRRLFRRLFFLFRRLRRLFFFRFFFRRLLRRFRFLLFF
155,9.048032163914511,26.0,27.0,26,0,112,56,"0,04",449,193,FRRFRFRFFRFLLFFLFFFFRFLFRLLRRLFRRLFFLFRRLRRLFFFRFFFRRLLRRFRFLLFF
156,9.022917170993255,26.0,27.0,26,0,112,56,"0,04",453,197,RRRFRFRFFRFLLFFLFFFFRRLLRRLRRLLRRLFFFRFLLRRFFFFRFFFRRLLRRFRFLLFR
157,9.376565488325742,24.0,27.0,24,0,112,56,"0,04",458,198,RRRFRFRFFRFLLFFLFFFFRRLLRRLRRLLRRLFFFFFLLRRFFFFRFFFRRLLRRFRFLLFR
158,9.763183483183486,24.0,27.0,24,0,112,56,"0,03",442,195,RRRFRFRFFRFLLFFLFFFFRRLLRRLRRLLRRLFFFFFLLRRFFFFRFFFRRLLRRFRFLLFL
159,9.55170772619371,26.0,27.0,26,0,112,56,"0,04",457,196,RRRFRFRFFRFLLFFLFFFFRRLLRRLRRLLRRLFFFRFLLRRFFFFRFFFRRLLRRFRFLLFL
160,8.83318169983611,24.0,27.0,24,0,112,56,"0,04",457,199,LRRFRFRFFRFLLFFLFFFFRRFLRLLRRLLRRLFFFFRLLRRFFFFRFFFRRLLRRFRFLLFF
161,8.965891015181068,27.0,27.0,27,0,112,56,"0,03",435,195,FRRFRFRFFRFLLFFLFFFFRRLLRLLRRLFRRLFFLFRRLRRLFFFRFFFRRLLRRFRFLLFF
162,9.153041252456696,27.0,27.0,27,0,112,56,"0,04",460,193,FRRFRFRFFRFLLFFLFFFFRRLLRLLRRLFRRLFFLFRRLRRLFFFRFFFRRLLRRFRFLLFF
163,8.96722942477804,26.0,27.0,26,0,112,56,"0,04",452,192,FRRFRFRFFRFLLFFLFFFFRRLLRRLRRLLRRLFFFRFLLRRFFFFRFFFRRLLRRFRFLLFL
164,9.79864969058719,24.0,27.0,24,0,112,56,"0,04",467,195,RRRFRFRFFRFLLFFLFFFFRRLLRLLRRLFRRLFFFLRRLRLLFFFRFFFRRLLRRFRFLLFR
165,9.352437093870552,24.0,27.0,24,0,112,56,"0,04",450,198,FRRFRFRFFRFLLFFLFFFFRRLLRRLRRLLRRLFFFFFLLRRFFFFRFFFRRLLRRFRFLLFL
166,10.17096762166151,24.0,27.0,24,0,112,56,"0,04",449,197,FRRFRFRFFRFLLFFLFFFFRRLLRRLRRLLRRLFFFFFLLRRFFFFRFFFRRLLRRFRFLLFL
167,9.002017442108858,24.0,27.0,24,0,112,56,"0,04",449,197,FRRFRFRFFRFLLFFLFFFFRRLLRRLRRLLRRLFFFFFLLRRFFFFRFFFRRLLRRFRFLLFL
168,9.369133579331981,23.0,27.0,23,0,112,56,"0,04",458,198,LRRFRFRFFRFLLFFLFFFFRRLLRLLRRLLRRLFFLFFLLRRFFFFRFFFRRLLRRFRFLLFR
169,8.973377243559524,23.0,27.0,23,0,112,56,"0,04",455,198,FRRFRFRFFRFLLFFLFFFFFFLLRRLRRLLRRLLFFFFLLRRFFFFRFFFRRLLRRFRFLLFR
170,8.842648377774612,24.0,27.0,24,0,112,56,"0,03",435,198,FRRFRFRFFRFLLFFLFFFFRRLLRRLRRLLRRLFFFFFLLRRFFFFRFFFRRLLRRFRFLLFL
171,9.5484618020868,24.0,27.0,24,0,112,56,"0,03",435,192,FRRFRFRFFRFLLFFLFFFFRRLLRRLRRLLRRLFFFFFLLRRFFFFRFFFRRLLRRFRFLLFL
172,9.607886324786325,25.0,27.0,25,0,112,56,"0,04",449,191,FRRFRFRFFRFLLFFLFFFFRRLLRRLRRLLRRLFFFFFFLRRFFFFRFFFRRLLRRFRFLLFR
173,8.782875777344428,25.0,27.0,25,0,112,56,"0,04",458,193,FRRFRFRFFRFLLFFLFFFFRRLLRRLRRLLRRLFFFFFFLRRFFFFRFFFRRLLRRFRFLLFR
174,8.658235841686693,24.0,27.0,24,0,112,56,"0,04",453,198,RRRFRFRFFRFLLFFLFFFFRRLLRRLRRLLRRLFFFFFLLRRFFFFRFFFRRLLRRFRFLLFR
175,8.87373685048462,24.0,27.0,24,0,112,56,"0,04",450,198,LRRFRFRFFRFLLFFLFFFFRFLLRRLRRLLRRLFFFFFFLRRFFFFRFFFRRLLRRFRFLLFR
176,9.554189286905618,25.0,27.0,25,0,112,56,"0,04",460,198,LRRFRFRFFRFLLFFLFFFFRFLLRRLFRLLRRLFFRFFFLRRFFFFRFFFRRLLRRFRFLLFR
177,8.925755259081305,25.0,27.0,25,0,112,56,"0,03",429,199,LRRFRFRFFRFLLFFLFFFFRFLLRRLFRLLRRLFFRFFFLRRFFFFRFFFRRLLRRFRFLLFR
178,8.694626017257598,25.0,27.0,25,0,112,56,"0,04",450,198,LRRFRFRFFRFLLFFLFFFFRFLLRRLFRLLRRLFFRFFFLRRFFFFRFFFRRLLRRFRFLLFR
179,9.338886656725627,25.0,27.0,25,0,112,56,"0,04",452,193,FRRFRFRFFRFLLFFLFFFFLRLLRRLRRFLRRLFFFFFFLLFFFFFRFFFRRLLRRFRFLLFL
180,10.02936776973027,25.0,27.0,25,0,112,56,"0,04",457,189,LRRFRFRFFRFLLFFLFFFFRFLLRRLFRLLRRLFFRFFFLRRFFFFRFFFRRLLRRFRFLLFR
181,8.555128933294377,25.0,27.0,25,0,112,56,"0,04",470,194,FRRFRFRFFRFLLFFLFFFFLRLLRRLRRFLRRLFFRFFFLLFFFFFRFFFRRLLRRFRFLLFL
182,8.595192893707603,25.0,27.0,25,0,112,56,"0,04",462,195,FRRFRFRFFRFLLFFLFFFFLRLLRRLRRFLRRLFFRFFFLLFFFFFRFFFRRLLRRFRFLLFL
183,8.772049589275154,25.0,27.0,25,0,112,56,"0,04",449,197,FRRFRFRFFRFLLFFLFFFFLRLLRRLRRFLRRLFFRFFFLLFFFFFRFFFRRLLRRFRFLLFL
184,9.169754108443158,25.0,27.0,25,0,112,56,"0,03",439,196,FRRFRFRFFRFLLFFLFFFFLRLLRRLRRFLRRLFFRFFFLLFFFFFRFFFRRLLRRFRFLLFL
185,9.197421120709352,25.0,27.0,25,0,112,56,"0,03",442,193,FRRFRFRFFRFLLFFLFFFFLRLLRRLRRFLRRLFFRFFFLLFFFFFRFFFRRLLRRFRFLLFL
186,8.248472929469914,25.0,27.0,25,0,112,56,"0,03",441,199,FRRFRFRFFRFLLFFLFFFFLRLLRRLRRFLRRLFFRFFFLLFFFFFRFFFRRLLRRFRFLLFL
187,8.388308665620585,25.0,27.0,25,0,112,56,"0,03",447,198,FRRFRFRFFRFLLFFLFFFFLRLLRRLRRFLRRLFFRFFFLLFFFFFRFFFRRLLRRFRFLLFF
188,8.316058345657614,25.0,27.0,25,0,112,56,"0,04",455,196,FRRFRFRFFRFLLFFLFFFFLRLLRRLRRFLRRLFFRFFFLLFFFFFRFFFRRLLRRFRFLLFF
189,9.269373764822134,25.0,27.0,25,0,112,56,"0,03",447,198,FRRFRFRFFRFLLFFLFFFFLRLLRRLRRFLRRLFFRFFFLLFFFFFRFFFRRLLRRFRFLLFF
190,9.525168195366723,25.0,27.0,25,0,112,56,"0,03",428,197,FRRFRFRFFRFLLFFLFFFFLRLLRRLRRFLRRLFFRFFFLLFFFFFRFFFRRLLRRFRFLLFF
191,8.814770131420868,25.0,27.0,25,0,112,56,"0,03",442,194,FRRFRFRFFRFLLFFLFFFFLRLLRRLRRFLRRLFFRFFFLLFFFFFRFFFRRLLRRFRFLLFF
192,8.433873255055914,25.0,27.0,25,0,112,56,"0,03",442,198,FRRFRFRFFRFLLFFLFFFFLRLLRRLRRFLRRLFFRFFFLLFFFFFRFFFRRLLRRFRFLLFF
193,9.01223332953596,24.0,27.0,24,0,112,56,"0,03",444,195,FRRFRFRFFRFLLFFLFFFFLRLLRRLRRFLRRLFFRFFFRLFFFFFRLFFRRLLRRFRFLLFF
194,9.58286001077526,25.0,27.0,25,0,112,56,"0,04",455,196,FRRFRFRFFRFLLFFLFFFFLRLLRRLRRFLRRLFFRFFFLLFFFFFRFFFRRLLRRFRFLLFF
195,9.17696418201681,25.0,27.0,25,0,112,56,"0,04",460,196,FRRFRFRFFRFLLFFLFFFFLRLLRRLRRFLRRLFFRFFFLLFFFFFRFFFRRLLRRFRFLLFF
196,8.73349140910323,25.0,27.0,25,0,112,56,"0,04",450,197,FRRFRFRFFRFLLFFLFFFFLRLLRRLRRFLRRLFFRFFFLLFFFFFRFFFRRLLRRFRFLLFF
197,8.928656714007523,25.0,27.0,25,0,112,56,"0,04",457,197,FRRFRFRFFRFLLFFLFFFFLRLLRRLRLFLRRLLFRFRFLRRFLFFRFFFRRLLRRFRFLLFR
198,9.0652101558927,25.0,27.0,25,0,112,56,"0,03",441,195,FRRFRFRFFRFLLFFLFFFFLRLLRRLRRFLRRLFFRFFFLLFFFFFRFFFRRLLRRFRFLLFF
199,9.093283663568377,25.0,27.0,25,0,112,56,"0,04",465,197,FRRFRFRFFRFLLFFLFFFFLRLLRRLRRFLRRLFLRFFFLLFFFFFRFFFRRLLRRFRFLLFL
200,8.97915420490598,25.0,27.0,25,0,112,56,"0,03",447,199,FRRFRFRFFRFLLFFLFFFFLRLLRRLRRFLRRLFFRFFFLLFFFFFRFFFRRLLRRFRFLLFF
